id,nama,kategori,zona,strategi,claim_rating,claim_reviews,actual_rating,actual_reviews,kota_maps,alamat_maps,verdict,flags
1,Waroeng Spesial Sambal SS Bandung JL Sukabumi,F&B,Zona 1 (Baros/Jalur),UNDER_5,4.2,3215,4.2,,Bandung,"Jl. Sukabumi No.5, Kacapiring, Kec. Batununggal, Kota Bandung, Jawa Barat 40271",WRONG_CITY,ZONE_FALLBACK|WRONG_CITY_BANDUNG
2,Secret Garden Sukabumi,F&B,Zona 3 (Pusat Selatan),UNDER_5,4.4,2621,4.4,144,Sukabumi Kota,"Jl. Surya Kencana No.07, Cikole, Kec. Cikole, Kota Sukabumi, Jawa Barat 43114",REVIEW_OFF,REVIEW_CLAIM_2621_AKTUAL_144
3,Like Earth Coffee,F&B,Zona 4 (Jantung Kota),UNDER_5,4.4,1845,4.4,2380,Sukabumi Kota,"Jl. Syamsudin. SH No.20-10, Gunungparang, Kec. Cikole, Kota Sukabumi, Jawa Barat 43111",OK,
4,Kedai Kopi Ncek Joe Tie 1953,F&B,Zona 1 (Baros/Jalur),UNDER_5,4.4,412,4.4,577,Sukabumi Kota,"Jl. A. Yani No.77, Gunungparang, Kec. Cikole, Kota Sukabumi, Jawa Barat 43111",OK,ZONE_FALLBACK
5,D'Green Resto and Coffee,F&B,Zona 4 (Jantung Kota),UNDER_5,4.5,1105,4.5,1878,Sukabumi Kota,"Jl. Selabintana No.54, Selabatu, Kec. Cikole, Kota Sukabumi, Jawa Barat 43114",REVIEW_OFF,REVIEW_CLAIM_1105_AKTUAL_1878
6,Butler Bar & Bistro,F&B,Zona 4 (Jantung Kota),UNDER_5,4.5,890,4.5,1442,Sukabumi Kota,"Jl. Siliwangi No.111, Cikole, Kec. Cikole, Kota Sukabumi, Jawa Barat 43113",REVIEW_OFF,REVIEW_CLAIM_890_AKTUAL_1442
7,Kedai Kopi 35,F&B,Zona 1 (Baros/Jalur),UNDER_5,4.5,540,4.5,417,Sukabumi Kota,"Jl. Surya Kencana No.101, Selabatu, Kec. Cikole, Kota Sukabumi, Jawa Barat 43114",OK,ZONE_FALLBACK
8,Restaurant Sunda Rasa Sukabumi,F&B,Zona 1 (Baros/Jalur),UNDER_5,4.6,2100,4.6,1048,Sukabumi Kota,"Jl. Siliwangi No.68, Kebonjati, Kec. Cikole, Kota Sukabumi, Jawa Barat 43113",REVIEW_OFF,ZONE_FALLBACK|REVIEW_CLAIM_2100_AKTUAL_1048
9,Botram Resto,F&B,Zona 1 (Baros/Jalur),UNDER_5,4.6,1250,4.6,727,Sukabumi Kota,"Jl. Surya Kencana No.29, Selabatu, Kec. Cikole, Kota Sukabumi, Jawa Barat 43114",OK,ZONE_FALLBACK
10,PURIMAS 3 CAKE & BAKERY KOTA SUKABUMI,F&B,Zona 1 (Baros/Jalur),UNDER_5,4.6,955,4.6,856,Sukabumi Kota,"Jl. R. E. Martadinata No.46, Gunungparang, Kec. Cikole, Kota Sukabumi, Jawa Barat 43113",OK,ZONE_FALLBACK
11,Red Brick Cafe,F&B,Zona 4 (Jantung Kota),UNDER_5,4.7,1430,4.7,2140,Sukabumi Kota,"Jl. Pelabuhan II No.271, Cikondang, Kec. Citamiang, Kota Sukabumi, Jawa Barat 43142",OK,
12,Maple Bakery,F&B,Zona 1 (Baros/Jalur),UNDER_5,4.7,670,4.7,618,Sukabumi Kota,"Jl. Gudang No.1, Kebonjati, Kec. Cikole, Kota Sukabumi, Jawa Barat 43112",OK,ZONE_FALLBACK
13,Dedi Catering Sukabumi,F&B,Zona 1 (Baros/Jalur),UNDER_5,4.8,215,4.8,95,Sukabumi Kota,"Gg. Murni No.25, Nyomplong, Kec. Warudoyong, Kota Sukabumi, Jawa Barat 43131",REVIEW_OFF,ZONE_FALLBACK|REVIEW_CLAIM_215_AKTUAL_95
14,Kopi Nako Sukabumi,F&B,Zona 4 (Jantung Kota),HIGH_LOW_REV,4.9,185,4.9,3747,Sukabumi Kota,"Jl. Mayor Mahmud, Sukajaya, Kec. Cikole, Kota Sukabumi, Jawa Barat 43113",REVIEW_OFF,STRATEGY_MISMATCH|REVIEW_CLAIM_185_AKTUAL_3747
15,Yume Coffee,F&B,Zona 4 (Jantung Kota),HIGH_LOW_REV,4.8,142,4.8,425,Sukabumi Kota,"Jl. Surya Kencana No.31, Selabatu, Kec. Cikole, Kota Sukabumi, Jawa Barat 43114",REVIEW_OFF,STRATEGY_MISMATCH|REVIEW_CLAIM_142_AKTUAL_425
16,Amorcakes & Bakery Sudirman - Sukabumi,F&B,Zona 3 (Pusat Selatan),HIGH_LOW_REV,4.9,98,4.9,1904,Sukabumi Kota,"Jl. Sudirman No.36, Sriwidari, Kec. Gunungpuyuh, Kota Sukabumi, Jawa Barat 431219",REVIEW_OFF,STRATEGY_MISMATCH|REVIEW_CLAIM_98_AKTUAL_1904
17,Bandung Cheesecuit Sukabumi,F&B,Zona 1 (Baros/Jalur),HIGH_LOW_REV,4.9,115,4.9,186,Sukabumi Kota,"Jl. Siliwangi No.A10, Cikole, Kec. Cikole, Kota Sukabumi, Jawa Barat 43113",REVIEW_OFF,STRATEGY_MISMATCH|ZONE_FALLBACK|REVIEW_CLAIM_115_AKTUAL_186
18,Takashi Bakehouse x Republik Burger Sukabumi,F&B,Zona 1 (Baros/Jalur),HIGH_LOW_REV,4.9,76,4.9,123,Sukabumi Kota,"Jl. Syamsudin. SH No.31, Cikole, Kec. Cikole, Kota Sukabumi, Jawa Barat 43113",REVIEW_OFF,STRATEGY_MISMATCH|ZONE_FALLBACK|REVIEW_CLAIM_76_AKTUAL_123
19,Catering & Snack Sarah 009 Dra. N. Rohanah,F&B,Zona 1 (Baros/Jalur),HIGH_LOW_REV,4.9,45,4.9,27,Sukabumi Kota,"Jl. Pelabuhan II Gg. Murni No.18, RT 03/01, Nyomplong, Kec. Warudoyong, Kota Sukabumi, Jawa Barat 43133",OK,STRATEGY_MISMATCH|ZONE_FALLBACK
20,Sukabumi Coffee Center,F&B,Zona 1 (Baros/Jalur),HIGH_LOW_REV,5,22,5,176,Sukabumi Kota,"Jl. Mayawati Cafitol Plaza No.76 Lt. 1, Gunungparang, Kec. Cikole, Kota Sukabumi, Jawa Barat 43111",REVIEW_OFF,ZONE_FALLBACK|REVIEW_CLAIM_22_AKTUAL_176
21,Catering Murah Sukabumi,F&B,Zona 1 (Baros/Jalur),HIGH_LOW_REV,5,18,4.8,95,Lainnya/Tidak jelas,Indonesia · Gg. Murni No.25,LOW_CONFIDENCE_MATCH,ZONE_FALLBACK|RATING_CLAIM_5_AKTUAL_4.8|REVIEW_CLAIM_18_AKTUAL_95|GENERIC_QUERY_RESULT
22,INI KITCHEN SUKABUMI,F&B,Zona 1 (Baros/Jalur),HIGH_LOW_REV,5,34,5,1,Sukabumi Kota,"Jl. Brawijaya No.527, Sriwidari, Kec. Gunungpuyuh, Kota Sukabumi, Jawa Barat 43121",REVIEW_OFF,ZONE_FALLBACK|REVIEW_CLAIM_34_AKTUAL_1
23,PAKIS Catering Sukabumi,F&B,Zona 1 (Baros/Jalur),HIGH_LOW_REV,5,12,5,15,Sukabumi Kab,"Jl. Pasar Baru, Cisaat, Kec. Cisaat, Kabupaten Sukabumi, Jawa Barat 43152",OK,ZONE_FALLBACK
24,Pinisi Relaxation,Beauty,Zona 1 (Baros/Jalur),UNDER_5,4.4,750,4.4,286,Sukabumi Kota,"Jl. Kenari No.14, Selabatu, Kec. Cikole, Kota Sukabumi, Jawa Barat 43114",REVIEW_OFF,ZONE_FALLBACK|REVIEW_CLAIM_750_AKTUAL_286
25,Rudi Salon Sukabumi,Beauty,Zona 1 (Baros/Jalur),UNDER_5,4.5,420,4.5,197,Sukabumi Kota,"Rukan Surya kencana 3, Jl. Surya Kencana No.38, Cikole, Kec. Cikole, Kota Sukabumi, Jawa Barat 43113",REVIEW_OFF,ZONE_FALLBACK|REVIEW_CLAIM_420_AKTUAL_197
26,Sara ivonne Beauty Studio Sukabumi,Beauty,Zona 1 (Baros/Jalur),UNDER_5,4.6,315,4.7,144,Sukabumi Kota,"Komplek Ruko Bounty, Jl. Siliwangi No.90, Cikole, Kec. Cikole, Kota Sukabumi, Jawa Barat 43113",REVIEW_OFF,ZONE_FALLBACK|REVIEW_CLAIM_315_AKTUAL_144
27,KAYN Wellness,Beauty,Zona 1 (Baros/Jalur),UNDER_5,4.6,280,4.6,11,Sukabumi Kota,"Jl. Pajagalan, Nyomplong, Kec. Warudoyong, Kota Sukabumi, Jawa Barat 43131",REVIEW_OFF,ZONE_FALLBACK|REVIEW_CLAIM_280_AKTUAL_11
28,Dr Metz Skincare,Beauty,Zona 4 (Jantung Kota),UNDER_5,4.8,890,4.8,419,Lainnya/Tidak jelas,Klinik Perawatan Kulit ·  · Jl. Bhayangkara No.24,LOW_CONFIDENCE_MATCH,REVIEW_CLAIM_890_AKTUAL_419|GENERIC_QUERY_RESULT
29,Avenue Salon Sukabumi,Beauty,Zona 1 (Baros/Jalur),UNDER_5,4.9,210,4.9,65,Sukabumi Kab,"Jl. Selabintana Kp Panjalu No.KM 3 5, Warnasari, Kab. Sukabumi, Kabupaten Sukabumi, Jawa Barat 43151",REVIEW_OFF,ZONE_FALLBACK|REVIEW_CLAIM_210_AKTUAL_65
30,ADJIE SALON,Beauty,Zona 1 (Baros/Jalur),UNDER_5,4.9,205,4.9,300,Sukabumi Kota,"Jalan Ruko Jl. Brawijaya No.7, Sriwidari, Kec. Gunungpuyuh, Kota Sukabumi, Jawa Barat 43121",OK,ZONE_FALLBACK
31,Pixel Barbershop Nyomplong,Beauty,Zona 1 (Baros/Jalur),UNDER_5,4.9,340,5,789,Sukabumi Kota,"Jalan Lettu Bakri No 4, Nyomplong, Benteng, Kec. Warudoyong, Kota Sukabumi, Jawa Barat 43131",REVIEW_OFF,REVIEW_CLAIM_340_AKTUAL_789
32,BARBERSTATION BARBERSHOP,Beauty,Zona 1 (Baros/Jalur),UNDER_5,4.9,415,4.9,197,Sukabumi Kota,"Jl. Siliwangi No.44, Kebonjati, Kec. Cikole, Kota Sukabumi, Jawa Barat 43112",REVIEW_OFF,ZONE_FALLBACK|REVIEW_CLAIM_415_AKTUAL_197
33,Simi Reflexology Massage & Spa,Beauty,Zona 1 (Baros/Jalur),UNDER_5,4.9,520,4.9,2182,Sukabumi Kota,"Jl. Surya Kencana No.66, Selabatu, Kec. Cikole, Kota Sukabumi, Jawa Barat 43114",REVIEW_OFF,ZONE_FALLBACK|REVIEW_CLAIM_520_AKTUAL_2182
34,Nadifa Clinic Sukabumi,Beauty,Zona 1 (Baros/Jalur),UNDER_5,4.9,255,4.9,88,Sukabumi Kota,"Jalan R. A. Kosasih No. 78, Sukaraja, Cisarua, Kec. Cikole, Kota Sukabumi, Cisarua, Kec. Cikole, Kabupaten Sukabumi, Jawa Barat 43115",REVIEW_OFF,ZONE_FALLBACK|REVIEW_CLAIM_255_AKTUAL_88
35,Calysta skin care clinic,Beauty,Zona 1 (Baros/Jalur),UNDER_5,4.9,310,4.9,147,Sukabumi Kota,"Jl. Rumah Sakit No.6 A, Cikole, Kec. Cikole, Kota Sukabumi, Jawa Barat 43113",REVIEW_OFF,ZONE_FALLBACK|REVIEW_CLAIM_310_AKTUAL_147
36,ARSENIO SALON,Beauty,Zona 1 (Baros/Jalur),HIGH_LOW_REV,5,145,5,223,Sukabumi Kota,"3WFM+J95, Jl. Otto Iskandardinata, Kebonjati, Kec. Cikole, Kota Sukabumi, Jawa Barat 43141",REVIEW_OFF,ZONE_FALLBACK|REVIEW_CLAIM_145_AKTUAL_223
37,Pixel Barbershop Cipanengah,Beauty,Zona 1 (Baros/Jalur),HIGH_LOW_REV,5,112,5,1320,Lainnya/Tidak jelas,Tempat Cukur Rambut · Jl. Pelabuhan II,LOW_CONFIDENCE_MATCH,REVIEW_CLAIM_112_AKTUAL_1320|GENERIC_QUERY_RESULT
38,Blackburn Barbershop - Sukabumi Branch,Beauty,Zona 1 (Baros/Jalur),HIGH_LOW_REV,5,89,5,2764,Sukabumi Kota,"Jl. A. Yani No.58, Nyomplong, Kec. Warudoyong, Kota Sukabumi, Jawa Barat 43131",REVIEW_OFF,ZONE_FALLBACK|REVIEW_CLAIM_89_AKTUAL_2764
39,Pixel Barbershop Ciaul,Beauty,Zona 4 (Jantung Kota),HIGH_LOW_REV,5,175,5,3672,Sukabumi Kota,"Jl. R.A. Kosasih No.278, Subangjaya, Kec. Cikole, Kota Sukabumi, Jawa Barat 43116",REVIEW_OFF,REVIEW_CLAIM_175_AKTUAL_3672
40,SERENITY SPA,Beauty,Zona 1 (Baros/Jalur),HIGH_LOW_REV,5,54,5,28,Sukabumi Kota,"Jl. Bhayangkara No.204, Selabatu, Kec. Gunungpuyuh, Kota Sukabumi, Jawa Barat 43121",OK,ZONE_FALLBACK
41,Aida Spa & Massage,Beauty,Zona 1 (Baros/Jalur),HIGH_LOW_REV,5,38,5,1,Sukabumi Kota,"Dekat Sweet escape, Jl. Caringin Ngumbang No.RT 002/001, Dayeuhluhur, Kec. Warudoyong, Kota Sukabumi, Jawa Barat 43134",REVIEW_OFF,ZONE_FALLBACK|REVIEW_CLAIM_38_AKTUAL_1
42,Natasha Skin Clinic Sukabumi,Beauty,Zona 1 (Baros/Jalur),HIGH_LOW_REV,5,190,5,938,Sukabumi Kota,"Jl. Suryakencana No.52 Ruko A-B, RT.07/RW.07, Cikole, Kec. Cikole, Kota Sukabumi, Jawa Barat 43113",REVIEW_OFF,ZONE_FALLBACK|REVIEW_CLAIM_190_AKTUAL_938
43,Ella Skincare Sukabumi,Beauty,Zona 4 (Jantung Kota),HIGH_LOW_REV,5,165,5,493,Sukabumi Kota,"Jl. Siliwangi No.77, Cikole, Kec. Cikole, Kota Sukabumi, Jawa Barat 43113",REVIEW_OFF,REVIEW_CLAIM_165_AKTUAL_493
44,Hoki Motor sukabumi,Automotive,Zona 1 (Baros/Jalur),UNDER_5,4.3,840,4.3,106,Sukabumi Kota,"Jl. Otto Iskandardinata No.9, Kebonjati, Kec. Cikole, Kota Sukabumi, Jawa Barat 43111",REVIEW_OFF,ZONE_FALLBACK|REVIEW_CLAIM_840_AKTUAL_106
45,Cuci Steam Mobil & Motor 24 jam,Automotive,Zona 1 (Baros/Jalur),UNDER_5,4.3,325,4.3,711,Lainnya/Tidak jelas,Tempat Pencucian Mobil · Jl. Pelabuhan II Jl. Begeg,LOW_CONFIDENCE_MATCH,ZONE_FALLBACK|REVIEW_CLAIM_325_AKTUAL_711|GENERIC_QUERY_RESULT
46,Baros Jaya Motor,Automotive,Zona 1 (Baros/Jalur),UNDER_5,4.4,410,4.4,388,Sukabumi Kota,"Jl. Otto Iskandardinata No.107, Nanggeleng, Kec. Citamiang, Kota Sukabumi, Jawa Barat 43143",OK,
47,Inti Prima Motor,Automotive,Zona 1 (Baros/Jalur),UNDER_5,4.4,530,4.4,167,Sukabumi Kota,"Jl. Sudirman No.43, Sriwidari, Kec. Gunungpuyuh, Kota Sukabumi, Jawa Barat 43121",REVIEW_OFF,ZONE_FALLBACK|REVIEW_CLAIM_530_AKTUAL_167
48,lulu motor,Automotive,Zona 1 (Baros/Jalur),UNDER_5,4.4,215,4.4,77,Sukabumi Kota,"2WJW+WHR, Baros, Kec. Baros, Kota Sukabumi, Jawa Barat 43161",REVIEW_OFF,ZONE_FALLBACK|REVIEW_CLAIM_215_AKTUAL_77
49,Jaya Motor,Automotive,Zona 1 (Baros/Jalur),UNDER_5,4.4,380,4.4,89,Sukabumi Kota,"Jl. Pelabuhan II No.52, RT./RW/RW.003/008, Nyomplong, Kec. Warudoyong, Kota Sukabumi, Jawa Barat 43131",REVIEW_OFF,ZONE_FALLBACK|REVIEW_CLAIM_380_AKTUAL_89
50,Rey Motor Sukabumi,Automotive,Zona 1 (Baros/Jalur),UNDER_5,4.4,290,4.4,34,Sukabumi Kota,"Jl. Pelabuhan II No.218, Dayeuhluhur, Kec. Warudoyong, Kota Sukabumi, Jawa Barat 43131",REVIEW_OFF,ZONE_FALLBACK|REVIEW_CLAIM_290_AKTUAL_34
51,Hars Motor,Automotive,Zona 1 (Baros/Jalur),UNDER_5,4.5,460,4.5,364,Sukabumi Kota,"Jl. Otto Iskandardinata, Kebonjati, Kec. Cikole, Kota Sukabumi, Jawa Barat 43111",OK,ZONE_FALLBACK
52,Cipendawa Motor lll,Automotive,Zona 1 (Baros/Jalur),UNDER_5,4.5,510,4.5,209,Sukabumi Kota,"Jl. Pelabuhan II No.272A, Dayeuhluhur, Kec. Warudoyong, Kota Sukabumi, Jawa Barat 43134",REVIEW_OFF,REVIEW_CLAIM_510_AKTUAL_209
53,Buana Raya Service - Auto Service Center,Automotive,Zona 1 (Baros/Jalur),UNDER_5,4.6,720,4.6,139,Sukabumi Kota,"Jl. Pajagalan No.29, Nyomplong, Kec. Warudoyong, Kota Sukabumi, Jawa Barat 43131",REVIEW_OFF,ZONE_FALLBACK|REVIEW_CLAIM_720_AKTUAL_139
54,Central Carwash Sukabumi,Automotive,Zona 1 (Baros/Jalur),UNDER_5,4.6,355,4.6,45,Sukabumi Kota,"3WHM+5M4, Jl. Gudang, Kebonjati, Kec. Cikole, Kota Sukabumi, Jawa Barat 43113",REVIEW_OFF,ZONE_FALLBACK|REVIEW_CLAIM_355_AKTUAL_45
55,Ratu Motor,Automotive,Zona 1 (Baros/Jalur),UNDER_5,4.6,285,4.6,77,Sukabumi Kota,"Jl. Otto Iskandardinata No.31, Kebonjati, Kec. Cikole, Kota Sukabumi, Jawa Barat 43112",REVIEW_OFF,ZONE_FALLBACK|REVIEW_CLAIM_285_AKTUAL_77
56,CV.KINGKING MOTOR,Automotive,Zona 1 (Baros/Jalur),UNDER_5,4.6,310,4.6,692,Sukabumi Kota,"Jl. R.A. Kosasih No.23, Kebonjati, Kec. Cikole, Kota Sukabumi, Jawa Barat 43112",REVIEW_OFF,ZONE_FALLBACK|REVIEW_CLAIM_310_AKTUAL_692
57,SHOWNGARAGE ( CAR WASH ),Automotive,Zona 1 (Baros/Jalur),UNDER_5,4.7,245,4.7,69,Sukabumi Kab,"Jl. Raya Sukaraja, Sukaraja, Kec. Sukaraja, Kabupaten Sukabumi, Jawa Barat 43192",REVIEW_OFF,ZONE_FALLBACK|REVIEW_CLAIM_245_AKTUAL_69
58,CV ZIED AUTO SERVICE,Automotive,Zona 1 (Baros/Jalur),UNDER_5,4.8,415,4.8,114,Sukabumi Kota,"Jl. Ciseureuh Jalan No.67 rt02, RW.01, Karang Tengah, Kec. Gunungpuyuh, Kota Sukabumi, Jawa Barat 43122",REVIEW_OFF,ZONE_FALLBACK|REVIEW_CLAIM_415_AKTUAL_114
59,Bengkel motor sukabumi,Automotive,Zona 1 (Baros/Jalur),UNDER_5,4.8,210,4.3,106,Lainnya/Tidak jelas,Bengkel Sepeda Motor ·  · Jl. Otto Iskandardinata No.9,LOW_CONFIDENCE_MATCH,ZONE_FALLBACK|RATING_CLAIM_4.8_AKTUAL_4.3|GENERIC_QUERY_RESULT
60,Toko Jati Raya Motor,Automotive,Zona 1 (Baros/Jalur),UNDER_5,4.8,340,4.8,31,Sukabumi Kota,"JL. R. A Kosasih, No.59, Cisarua, Kab. Sukabumi, Kota Sukabumi, Jawa Barat 43115",REVIEW_OFF,ZONE_FALLBACK|REVIEW_CLAIM_340_AKTUAL_31
61,Green_wash Cuci Mobil & Motor,Automotive,Zona 1 (Baros/Jalur),UNDER_5,4.9,275,4.9,101,Sukabumi Kota,"Jl. Pelabuhan II Jl. Begeg, Dayeuhluhur, Kec. Warudoyong, Kota Sukabumi, Jawa Barat 43134",REVIEW_OFF,ZONE_FALLBACK|REVIEW_CLAIM_275_AKTUAL_101
62,RBM (RumahBengkelMotor),Automotive,Zona 1 (Baros/Jalur),HIGH_LOW_REV,5,85,5,27,Sukabumi Kota,"3W47+XQ6, Jl. Koleberes, Dayeuhluhur, Kec. Warudoyong, Kota Sukabumi, Jawa Barat 43134",REVIEW_OFF,ZONE_FALLBACK|REVIEW_CLAIM_85_AKTUAL_27
63,AH MASTER WASH (cuci garansi hujan),Automotive,Zona 1 (Baros/Jalur),HIGH_LOW_REV,5,42,5,20,Sukabumi Kota,"3WH9+MPC, Jl. Arif Rahman Hakim, Benteng, Kec. Warudoyong, Kota Sukabumi, Jawa Barat 43132",REVIEW_OFF,ZONE_FALLBACK|REVIEW_CLAIM_42_AKTUAL_20
64,Grand Permata Hijau Hotel,Lodging,Zona 1 (Baros/Jalur),UNDER_5,4.2,1450,4.2,2023,Sukabumi Kota,"Jl. Bhayangkara No.46, Gunungpuyuh, Kec. Gunungpuyuh, Kota Sukabumi, Jawa Barat 43123",OK,ZONE_FALLBACK
65,Taman Sari Hotel & Resort,Lodging,Zona 5 (Timur/Utara),UNDER_5,4.4,2100,4.4,3352,Sukabumi Kota,"Jl. Surya Kencana No.112, Cikole, Kec. Cikole, Kota Sukabumi, Jawa Barat 43113",REVIEW_OFF,REVIEW_CLAIM_2100_AKTUAL_3352
66,Balcony Hotel,Lodging,Zona 1 (Baros/Jalur),UNDER_5,4.4,1890,4.4,2255,Sukabumi Kota,"Jl. Selabintana No.35, Selabatu, Kec. Cikole, Kota Sukabumi, Jawa Barat 43151",OK,ZONE_FALLBACK
67,Homestay D'mutiara Sukabumi,Lodging,Zona 1 (Baros/Jalur),UNDER_5,4.5,320,4.5,113,Sukabumi Kab,"Jl. Selakopi-Cijengkol, RT.07/RW.004, Lembursawah, Kec. Cicantayan, Kabupaten Sukabumi, Jawa Barat 43155",REVIEW_OFF,ZONE_FALLBACK|REVIEW_CLAIM_320_AKTUAL_113
68,Tikungan Indah Guest House,Lodging,Zona 1 (Baros/Jalur),UNDER_5,4.5,275,4.5,38,Sukabumi Kota,"Jl. Bhayangkara No.171, Karamat, Kec. Gunungpuyuh, Kota Sukabumi, Jawa Barat 43123",REVIEW_OFF,ZONE_FALLBACK|REVIEW_CLAIM_275_AKTUAL_38
69,Horison Sukabumi,Lodging,Zona 3 (Pusat Selatan),UNDER_5,4.6,3200,4.6,5864,Sukabumi Kota,"Jl. Siliwangi No.68, Kebonjati, Kec. Cikole, Kota Sukabumi, Jawa Barat 43113",REVIEW_OFF,REVIEW_CLAIM_3200_AKTUAL_5864
70,The Bountie Hotels and Convention Center Sukabumi,Lodging,Zona 3 (Pusat Selatan),UNDER_5,4.6,2850,4.6,5696,Sukabumi Kab,"Jl. Siliwangi No.90, Cikole, Kec. Cikole, Kabupaten Sukabumi, Jawa Barat 43113",REVIEW_OFF,REVIEW_CLAIM_2850_AKTUAL_5696
71,Firma Guest House,Lodging,Zona 1 (Baros/Jalur),UNDER_5,4.6,410,4.6,188,Sukabumi Kota,"Jl. Sriwidari No.5, Sriwidari, Kec. Gunungpuyuh, Kota Sukabumi, Jawa Barat 43111",REVIEW_OFF,ZONE_FALLBACK|REVIEW_CLAIM_410_AKTUAL_188
72,Anugrah Alam Homestay,Lodging,Zona 1 (Baros/Jalur),UNDER_5,4.7,530,4.7,78,Sukabumi Kota,"Jl. Cipelang Leutik No.II/3, Selabatu, Kec. Cikole, Kota Sukabumi, Jawa Barat 43114",REVIEW_OFF,ZONE_FALLBACK|REVIEW_CLAIM_530_AKTUAL_78
73,Vimi - villa sukabumi,Lodging,Zona 1 (Baros/Jalur),UNDER_5,4.7,215,4.7,9,Sukabumi Kota,"Jl. Sawahbera No.99, RT.003/RW.004, Dayeuhluhur, Kec. Warudoyong, Kota Sukabumi, Jawa Barat 43134",LOW_CONFIDENCE_MATCH,ZONE_FALLBACK|REVIEW_CLAIM_215_AKTUAL_9|GENERIC_QUERY_RESULT
74,Kampoeng Kita,Lodging,Zona 1 (Baros/Jalur),UNDER_5,4.7,340,4.7,43,Sukabumi Kab,"Cibentang, Kec. Gn. Guruh, Kabupaten Sukabumi, Jawa Barat 43156",REVIEW_OFF,ZONE_FALLBACK|REVIEW_CLAIM_340_AKTUAL_43
75,Homestay WS Sukabumi,Lodging,Zona 1 (Baros/Jalur),UNDER_5,4.9,250,4.9,70,Sukabumi Kab,"3VWR+J8, Nagrak, Kec. Nagrak, Kabupaten Sukabumi, Jawa Barat 43132",REVIEW_OFF,ZONE_FALLBACK|REVIEW_CLAIM_250_AKTUAL_70
76,Amsberg villa at Selabintana,Lodging,Zona 5 (Timur/Utara),UNDER_5,4.9,210,4.9,178,Sukabumi Kab,"Jl. Selabintana No.KM. 6.36, Perbawati, Kab. Sukabumi, Kabupaten Sukabumi, Jawa Barat 43151",OK,
77,DCT Homestay Sukabumi,Lodging,Zona 1 (Baros/Jalur),HIGH_LOW_REV,5,65,5,24,Sukabumi Kab,"Grand Lapalma Estate, Cluster Edelweis No.GA 11, Sudajaya Girang, Kab. Sukabumi, Kabupaten Sukabumi, Jawa Barat 43151",REVIEW_OFF,ZONE_FALLBACK|REVIEW_CLAIM_65_AKTUAL_24
78,Qiai Guest House Sukabumi,Lodging,Zona 1 (Baros/Jalur),HIGH_LOW_REV,5,110,5,870,Sukabumi Kota,"Gg. H. Tarpi Jl. Pelda Suryanta, Nanggeleng, Kec. Citamiang, Kota Sukabumi, Jawa Barat 43145",REVIEW_OFF,ZONE_FALLBACK|REVIEW_CLAIM_110_AKTUAL_870
79,SILVIA GUEST HOUSE,Lodging,Zona 1 (Baros/Jalur),HIGH_LOW_REV,5,88,5,2,Sukabumi Kota,"Jl. Lio Santa, ASEM, Sudajaya Hilir, Kec. Baros, Kota Sukabumi, Jawa Barat 43161",LOW_CONFIDENCE_MATCH,ZONE_FALLBACK|REVIEW_CLAIM_88_AKTUAL_2|GENERIC_QUERY_RESULT
80,Adiza Guest House,Lodging,Zona 1 (Baros/Jalur),HIGH_LOW_REV,5,45,5,6,Sukabumi Kota,"Graha Taman Sukabumi Blk. C No.4, Karamat, Kec. Gunungpuyuh, Kota Sukabumi, Jawa Barat 43122",REVIEW_OFF,ZONE_FALLBACK|REVIEW_CLAIM_45_AKTUAL_6
81,De Haus Villa Syariah - Subang Jaya,Lodging,Zona 5 (Timur/Utara),HIGH_LOW_REV,5,32,5,37,Sukabumi Kab,"Perumahan Subang Jaya Village, Jl. Melati 1 No.10 Blok D, RT.6/RW.3, Sukajaya, Kab. Sukabumi, Kabupaten Sukabumi, Jawa Barat 43151",OK,
82,Villa Mochi Classic Sukabumi,Lodging,Zona 1 (Baros/Jalur),HIGH_LOW_REV,5,15,5,21,Lainnya/Tidak jelas,"Vila · Grand panorama residence, Jl. Selabintana No.1 blok E2",LOW_CONFIDENCE_MATCH,ZONE_FALLBACK|GENERIC_QUERY_RESULT
83,Apotek Utari,Health,Zona 1 (Baros/Jalur),UNDER_5,1,12,1,2,Bandung,"Jl. Sukabumi No.38, Kacapiring, Kec. Batununggal, Kota Bandung, Jawa Barat 40271",WRONG_CITY,ZONE_FALLBACK|WRONG_CITY_BANDUNG
84,Apotek indo Medika,Health,Zona 1 (Baros/Jalur),UNDER_5,4.1,85,4.1,122,Sukabumi Kota,"Jl. Rumah Sakit No.8, Cikole, Kec. Cikole, Kota Sukabumi, Jawa Barat 43113",OK,ZONE_FALLBACK
85,Labkesda Kota Sukabumi,Health,Zona 1 (Baros/Jalur),UNDER_5,4.4,140,4.4,89,Sukabumi Kota,Labkesda Kota Sukabumi,OK,ZONE_FALLBACK
86,KLINIK JALUR FARMA,Health,Zona 1 (Baros/Jalur),UNDER_5,4.5,320,4.5,826,Sukabumi Kota,"Jl. Pelabuhan II No.463, Sindangsari, Kec. Lembursitu, Kota Sukabumi, Jawa Barat 43134",REVIEW_OFF,REVIEW_CLAIM_320_AKTUAL_826
87,Kimia Farma Sukabumi,Health,Zona 4 (Jantung Kota),UNDER_5,4.5,415,3.7,176,Lainnya/Tidak jelas,Apotek ·  · Jl. Veteran II No.2,LOW_CONFIDENCE_MATCH,RATING_CLAIM_4.5_AKTUAL_3.7|REVIEW_CLAIM_415_AKTUAL_176|GENERIC_QUERY_RESULT
88,Laboratorium Klinik Vita Medika,Health,Zona 1 (Baros/Jalur),UNDER_5,4.6,275,4.6,12,Sukabumi Kota,"Jl. Surya Kencana, Gunungparang, Kec. Cikole, Kota Sukabumi, Jawa Barat 43114",REVIEW_OFF,ZONE_FALLBACK|REVIEW_CLAIM_275_AKTUAL_12
89,Primaya Hospital Sukabumi,Health,Zona 1 (Baros/Jalur),UNDER_5,4.7,1250,4.7,1362,Sukabumi Kab,"Jl. R.A. Kosasih No.45, Sukaraja, Kec. Sukaraja, Kabupaten Sukabumi, Jawa Barat 43192",OK,ZONE_FALLBACK
90,Klinik Pratama Jasalab,Health,Zona 1 (Baros/Jalur),UNDER_5,4.7,310,4.7,55,Sukabumi Kota,"Jl. Cikole Dalam No.12, RT.07/RW.07, Cikole, Kec. Cikole, Kota Sukabumi, Jawa Barat 43113",REVIEW_OFF,ZONE_FALLBACK|REVIEW_CLAIM_310_AKTUAL_55
91,praktik dokter keluarga dr kamal & dr dini,Health,Zona 1 (Baros/Jalur),UNDER_5,4.8,245,4.8,19,Sukabumi Kab,"Jl. Kapten Asmud Lubis, Selabatu, Kec. Cikole, Kabupaten Sukabumi, Jawa Barat 43151",REVIEW_OFF,ZONE_FALLBACK|REVIEW_CLAIM_245_AKTUAL_19
92,Prodia Sukabumi,Health,Zona 1 (Baros/Jalur),UNDER_5,4.8,520,4.8,99,Sukabumi Kota,"Jl. Sudirman No.42B, RT.02/RW.04, Benteng, Kec. Warudoyong, Kota Sukabumi, Jawa Barat 43132",REVIEW_OFF,ZONE_FALLBACK|REVIEW_CLAIM_520_AKTUAL_99
93,Apotek Mitra Husada,Health,Zona 1 (Baros/Jalur),UNDER_5,4.9,380,4.9,777,Sukabumi Kab,"Dokter ·  · Jl Raya Rambay No 63c Kecamatan Cisaat, Kabupaten Sukabumi",REVIEW_OFF,ZONE_FALLBACK|REVIEW_CLAIM_380_AKTUAL_777
94,KLINIK PRATAMA WALUYA SEJATI ABADI SUKABUMI,Health,Zona 1 (Baros/Jalur),UNDER_5,4.9,215,4.9,37,Sukabumi Kota,"Jl. Pelabuhan II No.262, RT.3/RW.1, Situmekar, Kec. Lembursitu, Kota Sukabumi, Jawa Barat 43168",REVIEW_OFF,ZONE_FALLBACK|REVIEW_CLAIM_215_AKTUAL_37
95,Klinik Holistic Natural Insani Sukabumi,Health,Zona 1 (Baros/Jalur),UNDER_5,4.9,290,4.9,248,Sukabumi Kota,"Jl. Lkr. Sel., RT./RW/RW.004/018, Dayeuhluhur, Kec. Warudoyong, Kota Sukabumi, Jawa Barat 43134",OK,ZONE_FALLBACK
96,Bening's Clinic Sukabumi,Health,Zona 1 (Baros/Jalur),UNDER_5,4.9,410,4.9,141,Sukabumi Kota,"Jl. Sudirman No.Blok 34, RT.002/RW.004, Benteng, Kec. Warudoyong, Kota Sukabumi, Jawa Barat 43132",REVIEW_OFF,ZONE_FALLBACK|REVIEW_CLAIM_410_AKTUAL_141
97,Apotek Ciaul Sukabumi,Health,Zona 4 (Jantung Kota),UNDER_5,4.9,265,4.9,15,Sukabumi Kota,"Jl. R.A. Kosasih, Cisarua, Kec. Cikole, Kota Sukabumi, Jawa Barat 43115",REVIEW_OFF,REVIEW_CLAIM_265_AKTUAL_15
98,Klinik Obat Dokter Amelia Di Sukabumi,Health,Zona 1 (Baros/Jalur),HIGH_LOW_REV,5,48,5,2,Sukabumi Kota,"3WFJ+XG7, Kebonjati, Kec. Cikole, Kota Sukabumi, Jawa Barat 43111",REVIEW_OFF,ZONE_FALLBACK|REVIEW_CLAIM_48_AKTUAL_2
99,KHITAN SUKABUMI CIPOHO MEDIKA,Health,Zona 1 (Baros/Jalur),HIGH_LOW_REV,5,115,5,94,Sukabumi Kota,"Depan Pabrik PT. Great Apparel, Jl. Pelabuhan II, RT.01/RW.04, Cikondang, Kec. Citamiang, Kota Sukabumi, Jawa Barat 43131",OK,ZONE_FALLBACK
100,APOTEK LARAS SUKABUMI,Health,Zona 1 (Baros/Jalur),HIGH_LOW_REV,5,34,5,142,Sukabumi Kota,"Jl. Karamat, Karamat, Kec. Gunungpuyuh, Kota Sukabumi, Jawa Barat 43122",REVIEW_OFF,ZONE_FALLBACK|REVIEW_CLAIM_34_AKTUAL_142
101,Apotek Cikole Sukabumi,Health,Zona 4 (Jantung Kota),HIGH_LOW_REV,5,76,5,90,Sukabumi Kota,"Jl. Cikole Dalam No.15, Cikole, Kec. Cikole, Kota Sukabumi, Jawa Barat 43113",OK,
102,Ardin Teknik Sukabumi,Services,Zona 1 (Baros/Jalur),UNDER_5,4.6,210,4.6,52,Sukabumi Kota,"Cisarua, Kec. Cikole, Kota Sukabumi, Jawa Barat 43115",REVIEW_OFF,ZONE_FALLBACK|REVIEW_CLAIM_210_AKTUAL_52
103,Lavandera Laundry,Services,Zona 1 (Baros/Jalur),UNDER_5,4.7,345,4.7,169,Sukabumi Kota,"Jl. Bhayangkara No.214, Selabatu, Kec. Cikole, Kota Sukabumi, Jawa Barat 43121",REVIEW_OFF,ZONE_FALLBACK|REVIEW_CLAIM_345_AKTUAL_169
104,Lumire Laundry Sukabumi,Services,Zona 1 (Baros/Jalur),UNDER_5,4.9,220,4.9,181,Sukabumi Kota,"Ruko Danalaga, blok j8, Nyomplong, Kec. Warudoyong, Kota Sukabumi, Jawa Barat 43131",OK,ZONE_FALLBACK
105,SERVICE AC SUKABUMI SIGMA TECHNIQUE,Services,Zona 1 (Baros/Jalur),UNDER_5,4.9,285,4.9,161,Sukabumi Kota,"Jl. Aminta Azmali, Sriwidari, Kec. Gunungpuyuh, Kota Sukabumi, Jawa Barat 43121",OK,ZONE_FALLBACK
106,Buana Jaya Mandiri Ac 1,Services,Zona 1 (Baros/Jalur),UNDER_5,4.9,215,4.9,288,Sukabumi Kab,"Jl. Raya Rambay No.49, Sukamantri, Kec. Cisaat, Kabupaten Sukabumi, Jawa Barat 43152",OK,ZONE_FALLBACK
107,SERVICE KULKAS SUKABUMI,Services,Zona 1 (Baros/Jalur),UNDER_5,4.9,250,4.9,100,Lainnya/Tidak jelas,"Jasa Reparasi Kulkas · Jl. Babakan Garung, RT.05/RW06",LOW_CONFIDENCE_MATCH,ZONE_FALLBACK|REVIEW_CLAIM_250_AKTUAL_100|GENERIC_QUERY_RESULT
108,Service mesin cuci Sukabumi,Services,Zona 1 (Baros/Jalur),UNDER_5,4.9,240,4.9,100,Lainnya/Tidak jelas,"Jasa Reparasi Kulkas · Jl. Babakan Garung, RT.05/RW06",LOW_CONFIDENCE_MATCH,ZONE_FALLBACK|REVIEW_CLAIM_240_AKTUAL_100|GENERIC_QUERY_RESULT
109,Amani Laundry Terdekat Sukabumi,Services,Zona 1 (Baros/Jalur),HIGH_LOW_REV,5,188,4.8,157,Lainnya/Tidak jelas,Amani Laundry Karpet Cisaat Cikiray,LOW_CONFIDENCE_MATCH,ZONE_FALLBACK|RATING_CLAIM_5_AKTUAL_4.8|GENERIC_QUERY_RESULT
110,Sukabumi Laundry Cabang Cisaat,Services,Zona 2 (Cisaat/Cibadak),HIGH_LOW_REV,5,95,5,23,Sukabumi (tidak jelas kota/kab),Sukabumi Laundry Cabang Cisaat,REVIEW_OFF,REVIEW_CLAIM_95_AKTUAL_23
111,AA LAUNDRY Sukabumi,Services,Zona 1 (Baros/Jalur),HIGH_LOW_REV,5,62,5,104,Lainnya/Tidak jelas,Layanan Binatu · Jl. Letda T. Asmita Gg.Babakan Kuta 4 No.29,LOW_CONFIDENCE_MATCH,ZONE_FALLBACK|REVIEW_CLAIM_62_AKTUAL_104|GENERIC_QUERY_RESULT
112,MEGA CEMERLANG SUKABUMI,Services,Zona 1 (Baros/Jalur),HIGH_LOW_REV,5,45,5,5,Sukabumi Kab,"Jl. Cimahpar Endah 2 Jl. Cendrawasih No.24 A, Pasirhalang, Kec. Sukaraja, Kabupaten Sukabumi, Jawa Barat 42192",REVIEW_OFF,ZONE_FALLBACK|REVIEW_CLAIM_45_AKTUAL_5
113,Bersih.in WearCare Sukabumi,Services,Zona 1 (Baros/Jalur),HIGH_LOW_REV,5,112,5,221,Sukabumi Kota,"Jl. Lettu Bakrie No.2, Benteng, Kec. Warudoyong, Kota Sukabumi, Jawa Barat 43131",REVIEW_OFF,ZONE_FALLBACK|REVIEW_CLAIM_112_AKTUAL_221
114,ADAVA LAUNDRY Sukabumi,Services,Zona 1 (Baros/Jalur),HIGH_LOW_REV,5,38,5,96,Sukabumi Kota,"Jl rh Didi Sukardi gedong panjang Citamiang gg gempar RT 01, pos 43144, kode No.24 06, Gedongpanjang, Kec. Citamiang, Kota Sukabumi, Jawa Barat 43144",REVIEW_OFF,ZONE_FALLBACK|REVIEW_CLAIM_38_AKTUAL_96
115,SERVICE AC SUKABUMI Alteknik,Services,Zona 1 (Baros/Jalur),HIGH_LOW_REV,5,145,5,8,Sukabumi Kab,"Pesona Aluna II, Sukaraja, Kec. Sukaraja, Kabupaten Sukabumi, Jawa Barat 43192",LOW_CONFIDENCE_MATCH,ZONE_FALLBACK|REVIEW_CLAIM_145_AKTUAL_8|GENERIC_QUERY_RESULT
116,Utama teknik Sukabumi,Services,Zona 1 (Baros/Jalur),HIGH_LOW_REV,5,120,5,12,Sukabumi Kab,"Jl. Raya Cidahu No.Rt 01/03, Jayabakti, Kec. Cidahu, Kabupaten Sukabumi, Jawa Barat 43358",REVIEW_OFF,ZONE_FALLBACK|REVIEW_CLAIM_120_AKTUAL_12
117,BIAN SUMUR BOR SUKABUMI,Services,Zona 1 (Baros/Jalur),HIGH_LOW_REV,5,75,5,4,Sukabumi Kota,"Jl. Koleberes No.42B, Dayeuhluhur, Kec. Warudoyong, Kota Sukabumi, Jawa Barat 43134",LOW_CONFIDENCE_MATCH,ZONE_FALLBACK|REVIEW_CLAIM_75_AKTUAL_4|GENERIC_QUERY_RESULT
118,Sumur Bor Sukabumi Pak Darmi,Services,Zona 1 (Baros/Jalur),HIGH_LOW_REV,5,30,5,24,Sukabumi Kab,"Jl. Koleberes Cikapek, RT.02/RW.10, Dayeuhluhur, Kec. Warudoyong, Kabupaten Sukabumi, Jawa Barat 43134",OK,ZONE_FALLBACK
119,Servis elektronik sukabumi,Services,Zona 1 (Baros/Jalur),HIGH_LOW_REV,5,88,5,1,Lainnya/Tidak jelas,"Bengkel Elektronik · Jl. Pelabuhan II Jl. Cikujang No.kp, RT.05/RW.13",LOW_CONFIDENCE_MATCH,ZONE_FALLBACK|REVIEW_CLAIM_88_AKTUAL_1|GENERIC_QUERY_RESULT
120,VANSERVIS Sukabumi,Services,Zona 1 (Baros/Jalur),HIGH_LOW_REV,5,54,4.6,139,Lainnya/Tidak jelas,Bengkel Mobil ·  · Jl. Pajagalan No.29,LOW_CONFIDENCE_MATCH,ZONE_FALLBACK|RATING_CLAIM_5_AKTUAL_4.6|REVIEW_CLAIM_54_AKTUAL_139|GENERIC_QUERY_RESULT
121,LJL SERVICE Sukabumi,Services,Zona 1 (Baros/Jalur),HIGH_LOW_REV,5,42,5,8,Sukabumi Kab,"Parung Kuda-Ciambar, Ciambar, Kec. Ciambar, Kabupaten Sukabumi, Jawa Barat 43356",REVIEW_OFF,ZONE_FALLBACK|REVIEW_CLAIM_42_AKTUAL_8
122,Cambridge Institute Sukabumi,Education,Zona 1 (Baros/Jalur),UNDER_5,4.4,310,4.4,21,Sukabumi Kota,"3WJ8+876, Jl. Raya Sukabumi, Gunungpuyuh, Kec. Gunungpuyuh, Kota Sukabumi, Jawa Barat 43132",REVIEW_OFF,ZONE_FALLBACK|REVIEW_CLAIM_310_AKTUAL_21
123,Little Angels Learning Center Sukabumi,Education,Zona 1 (Baros/Jalur),UNDER_5,4.8,245,4.8,5,Sukabumi Kota,"Graha Siliwangi, Jl. Siliwangi No.98 Block B2, Cikole, Kec. Cikole, Kota Sukabumi, Jawa Barat 43113",LOW_CONFIDENCE_MATCH,ZONE_FALLBACK|REVIEW_CLAIM_245_AKTUAL_5|GENERIC_QUERY_RESULT
124,Tunas Permata Bangsa Sukabumi,Education,Zona 1 (Baros/Jalur),UNDER_5,4.9,280,4.9,124,Sukabumi Kab,"Ruko Cisuda Riverside, Jl. R.A. Kosasih Blok N-O, Sukaraja, Kec. Sukaraja, Kabupaten Sukabumi, Jawa Barat 43192",REVIEW_OFF,ZONE_FALLBACK|REVIEW_CLAIM_280_AKTUAL_124
125,Bimbel ILC Sukabumi,Education,Zona 1 (Baros/Jalur),UNDER_5,4.9,215,4.9,28,Lainnya/Tidak jelas,"Kursus · Ruko Bumi Asri, Gg. Cikiray Jl. Cikiray Kidul",LOW_CONFIDENCE_MATCH,ZONE_FALLBACK|REVIEW_CLAIM_215_AKTUAL_28|GENERIC_QUERY_RESULT
126,LPK GPB Sukabumi,Education,Zona 1 (Baros/Jalur),UNDER_5,4.9,320,4.9,254,Sukabumi Kota,"Jl. Baros Kp. Tugu No.151, Baros, Kec. Baros, Kota Sukabumi, Jawa Barat 43166",OK,ZONE_FALLBACK
127,Brain Academy Ruangguru Sukabumi,Education,Zona 1 (Baros/Jalur),HIGH_LOW_REV,5,195,5,45,Sukabumi Kota,"Ruko.2, Jl. Sudirman No.75, Gunungparang, Kec. Cikole, Kota Sukabumi, Jawa Barat 43111",REVIEW_OFF,ZONE_FALLBACK|REVIEW_CLAIM_195_AKTUAL_45
128,Math Champs Sukabumi,Education,Zona 1 (Baros/Jalur),HIGH_LOW_REV,5,85,5,24,Sukabumi Kota,"Ruko.2, Jl. Sudirman No.75B, Gunungparang, Kec. Cikole, Kota Sukabumi, Jawa Barat 43111",REVIEW_OFF,ZONE_FALLBACK|REVIEW_CLAIM_85_AKTUAL_24
129,Ganesha Operation Ra Kosasih Sukabumi,Education,Zona 5 (Timur/Utara),HIGH_LOW_REV,5,140,5,432,Sukabumi Kota,"Jalan R.A Kosasih Ruko B Ciaul Subang Jaya, Subangjaya, Kec. Cikole, Kota Sukabumi, Jawa Barat 43116",REVIEW_OFF,REVIEW_CLAIM_140_AKTUAL_432
130,Ganesha Operation Syamsudin Sukabumi,Education,Zona 1 (Baros/Jalur),HIGH_LOW_REV,5,165,5,529,Sukabumi Kota,"Jl. Syamsudin. SH No.29, Cikole, Kec. Cikole, Kota Sukabumi, Jawa Barat 43111",REVIEW_OFF,ZONE_FALLBACK|REVIEW_CLAIM_165_AKTUAL_529
131,LBB Nurul Fikri RA Kosasih Sukabumi,Education,Zona 5 (Timur/Utara),HIGH_LOW_REV,5,110,5,192,Sukabumi Kota,"Jl. R.A. Kosasih No.3E, Subangjaya, Kec. Cikole, Kota Sukabumi, Jawa Barat 43116",REVIEW_OFF,REVIEW_CLAIM_110_AKTUAL_192
132,Bumi Kreatif Institute Sukabumi,Education,Zona 1 (Baros/Jalur),HIGH_LOW_REV,5,75,5,1078,Sukabumi Kota,"Gg. Kopi No.RT 05/02, Cikole, Kec. Cikole, Kota Sukabumi, Jawa Barat 43113",REVIEW_OFF,ZONE_FALLBACK|REVIEW_CLAIM_75_AKTUAL_1078
133,TPA KB TK Daruttaqwa Foundation Sukabumi,Education,Zona 1 (Baros/Jalur),HIGH_LOW_REV,5,42,5,46,Sukabumi Kota,"Toserba selamat, Jl. R. E. Martadinata No.79 Lt 3, Kebonjati, Kecamatan Sukabumi, Kota Sukabumi, Jawa Barat 43112",OK,ZONE_FALLBACK
134,bimba genio cibeureum Sukabumi,Education,Zona 5 (Timur/Utara),HIGH_LOW_REV,5,58,5,45,Sukabumi Kab,"Jl. R.A. Kosasih No.21, Sukaraja, Kec. Sukaraja, Kabupaten Sukabumi, Jawa Barat 43192",OK,
135,PlayWay Day Sukabumi,Education,Zona 1 (Baros/Jalur),HIGH_LOW_REV,5,34,5,30,Sukabumi Kab,"Jl. Baros No.151, RT.05/RW.04, Jayaraksa, Kec. Baros, Kabupaten Sukabumi, Jawa Barat 43167",OK,ZONE_FALLBACK
136,TKQ Gemilang Sukabumi,Education,Zona 1 (Baros/Jalur),HIGH_LOW_REV,5,28,5,7,Sukabumi Kota,"Jl. Otto Iskandardinata Jl. Manggis I No.35B, Kebonjati, Kec. Cikole, Kota Sukabumi, Jawa Barat 43111",REVIEW_OFF,ZONE_FALLBACK|REVIEW_CLAIM_28_AKTUAL_7
137,Berdikari Expo Sukabumi,Retail,Zona 1 (Baros/Jalur),UNDER_5,4.4,850,4.4,983,Sukabumi Kota,"Cibeureum Hilir, Kec. Cibeureum, Kota Sukabumi, Jawa Barat",OK,ZONE_FALLBACK
138,TB. Sumber Milik Sukabumi,Retail,Zona 1 (Baros/Jalur),UNDER_5,4.5,640,4.5,56,Sukabumi Kota,"Jl. Otto Iskandardinata No.66, Tipar, Kec. Citamiang, Kota Sukabumi, Jawa Barat 43141",REVIEW_OFF,ZONE_FALLBACK|REVIEW_CLAIM_640_AKTUAL_56
139,Mochi Kaswari Lampion Sukabumi,Retail,Zona 3 (Pusat Selatan),UNDER_5,4.6,3120,4.6,3584,Sukabumi Kota,"Gg. Kaswari No.1, Selabatu, Kec. Cikole, Kota Sukabumi, Jawa Barat 43114",OK,
140,Pusat Jajanan Khas Sukabumi,Retail,Zona 3 (Pusat Selatan),UNDER_5,4.6,1850,4.6,55,Sukabumi Kota,"Jalan Suryakencana No. 32 & Jalan Syamsudin. Sh., Cikole, Kec. Cikole, Kota Sukabumi, Jawa Barat 43113",REVIEW_OFF,REVIEW_CLAIM_1850_AKTUAL_55
141,Toko Bangunan Baros Jaya Sukabumi,Retail,Zona 1 (Baros/Jalur),UNDER_5,4.6,410,4.6,80,Sukabumi Kota,"Jl. RH. Didi Sukardi No.165, Citamiang, Kec. Citamiang, Kota Sukabumi, Jawa Barat 43143",REVIEW_OFF,REVIEW_CLAIM_410_AKTUAL_80
142,Bika Ambon Sunda Rasa Sukabumi,Retail,Zona 1 (Baros/Jalur),UNDER_5,4.7,920,4.7,339,Sukabumi Kota,"Jl. Siliwangi No.68, Kebonjati, Kec. Cikole, Kota Sukabumi, Jawa Barat 43113",REVIEW_OFF,ZONE_FALLBACK|REVIEW_CLAIM_920_AKTUAL_339
143,Kelana Oleh-oleh Sukabumi,Retail,Zona 1 (Baros/Jalur),UNDER_5,4.7,530,4.7,10,Lainnya/Tidak jelas,"Toko Suvenir · 3VRF+FQF, Jl. Lintas Selatan",LOW_CONFIDENCE_MATCH,ZONE_FALLBACK|REVIEW_CLAIM_530_AKTUAL_10|GENERIC_QUERY_RESULT
144,Zahra Pet Shop & Grooming Sukabumi,Retail,Zona 1 (Baros/Jalur),UNDER_5,4.7,315,4.7,255,Sukabumi Kota,"Jl. Siliwangi No.62, Kebonjati, Kec. Cikole, Kota Sukabumi, Jawa Barat 43113",OK,ZONE_FALLBACK
145,RG Petshop & GROOMING Sukabumi,Retail,Zona 1 (Baros/Jalur),UNDER_5,4.7,280,4.7,169,Sukabumi Kota,"Jl. Pasundan No.79, Nyomplong, Kec. Warudoyong, Kota Sukabumi, Jawa Barat 43131",OK,ZONE_FALLBACK
146,Kamo Petshop Sukabumi,Retail,Zona 1 (Baros/Jalur),UNDER_5,4.7,425,4.7,335,Sukabumi Kota,"Jl. Surya Kencana No.58, Cikole, Kec. Cikole, Kota Sukabumi, Jawa Barat 43114",OK,ZONE_FALLBACK
147,SUKABUMI HOME CENTER,Retail,Zona 1 (Baros/Jalur),UNDER_5,4.7,1150,4.7,110,Sukabumi Kota,"Jl. R.A. Kosasih, Subangjaya, Kec. Cikole, Kota Sukabumi, Jawa Barat 43116",REVIEW_OFF,ZONE_FALLBACK|REVIEW_CLAIM_1150_AKTUAL_110
148,Jansen Petshop Sukabumi,Retail,Zona 1 (Baros/Jalur),UNDER_5,4.8,390,4.8,69,Sukabumi Kota,"No.02 Blok N, Danalaga Square, Jl. Pajagalan, Nyomplong, Kec. Warudoyong, Kota Sukabumi, Jawa Barat 43131",REVIEW_OFF,ZONE_FALLBACK|REVIEW_CLAIM_390_AKTUAL_69
149,RKM Sukabumi,Retail,Zona 1 (Baros/Jalur),UNDER_5,4.9,510,4.9,793,Sukabumi Kab,"Jl. Nasional III desa No.317, Nagrak, Kec. Cisaat, Kabupaten Sukabumi, Jawa Barat 43252",REVIEW_OFF,ZONE_FALLBACK|REVIEW_CLAIM_510_AKTUAL_793
150,Rumah Puding Premium Sukabumi,Retail,Zona 1 (Baros/Jalur),HIGH_LOW_REV,4.9,145,4.9,171,Sukabumi Kota,"Jl. Balai Desa No.9, Gunungparang, Kec. Cikole, Kota Sukabumi, Jawa Barat 43111",OK,STRATEGY_MISMATCH|ZONE_FALLBACK
151,Nori's Florist Sukabumi,Retail,Zona 1 (Baros/Jalur),HIGH_LOW_REV,5,88,5,131,Sukabumi Kab,"Sebrang Kenanga Kopi Jl. Selabintana No.198, Warnasari, Kab. Sukabumi, Kabupaten Sukabumi, Jawa Barat 43151",OK,ZONE_FALLBACK
152,Sukabumi Ratu Florist,Retail,Zona 1 (Baros/Jalur),HIGH_LOW_REV,5,65,5,37,Sukabumi Kab,"2WR4+J2Q, Jl. Pelabuhan II, kp kadulawang, Cipanengah, Kec. Lembursitu, Kabupaten Sukabumi, Jawa Barat 43168",OK,ZONE_FALLBACK
153,Florist Sukabumi,Retail,Zona 1 (Baros/Jalur),HIGH_LOW_REV,5,112,5,131,Lainnya/Tidak jelas,Toko Bunga ·  · Sebrang Kenanga Kopi Jl. Selabintana No.198,LOW_CONFIDENCE_MATCH,ZONE_FALLBACK|GENERIC_QUERY_RESULT
154,Keler Bouquet Sukabumi,Retail,Zona 1 (Baros/Jalur),HIGH_LOW_REV,5,175,5,365,Sukabumi Kab,"Rumah Pertama Perum Cibatu Regency Depan Pos Satpamnya, Perum Cibatu Regency Jl. Siliwangi, RT.17/04/RW.no. 3, Cibatu, Kec. Cisaat, Kabupaten Sukabumi, Jawa Barat 43152",REVIEW_OFF,ZONE_FALLBACK|REVIEW_CLAIM_175_AKTUAL_365
155,Incrediblemoment florist sukabumi,Retail,Zona 1 (Baros/Jalur),HIGH_LOW_REV,5,94,5,17,Sukabumi Kota,"3WXH+597 Jl. Bhineka Karya no. 19, Ruko No.mor 21, Karamat, Kec. Gunungpuyuh, Kota Sukabumi, Jawa Barat 43122",REVIEW_OFF,ZONE_FALLBACK|REVIEW_CLAIM_94_AKTUAL_17
156,Millan Petshop Sukabumi,Retail,Zona 1 (Baros/Jalur),HIGH_LOW_REV,5,130,5,31,Sukabumi Kota,"Jl. Perintis Kemerdekaan No.50, Gunungparang, Kec. Cikole, Kota Sukabumi, Jawa Barat 43111",REVIEW_OFF,ZONE_FALLBACK|REVIEW_CLAIM_130_AKTUAL_31
157,HAI STUDIOS Sukabumi,Event,Zona 1 (Baros/Jalur),UNDER_5,4.5,280,4.5,342,Sukabumi Kota,"Limusnunggal, Kec. Cibeureum, Kota Sukabumi, Jawa Barat 43165",OK,ZONE_FALLBACK
158,Disini Aja Studio Sukabumi,Event,Zona 1 (Baros/Jalur),UNDER_5,4.5,215,4.5,295,Sukabumi Kota,"3WCM+G5H, Citamiang, Kec. Citamiang, Kota Sukabumi, Jawa Barat 43143",OK,ZONE_FALLBACK
159,IMAJI FOTO STUDIO SUKABUMI,Event,Zona 1 (Baros/Jalur),UNDER_5,4.6,340,4.6,1065,Sukabumi Kota,"Jl. Siliwangi No.52, Kebonjati, Kec. Cikole, Kota Sukabumi, Jawa Barat 43113",REVIEW_OFF,ZONE_FALLBACK|REVIEW_CLAIM_340_AKTUAL_1065
160,Azkana Wedding Dekorasi Sukabumi,Event,Zona 1 (Baros/Jalur),UNDER_5,4.7,265,4.7,14,Sukabumi Kota,"Kavling Jl. Koleberes, Dayeuhluhur, Kec. Warudoyong, Kota Sukabumi, Jawa Barat 43156",REVIEW_OFF,ZONE_FALLBACK|REVIEW_CLAIM_265_AKTUAL_14
161,GMS Tour and Travel Sukabumi,Event,Zona 1 (Baros/Jalur),UNDER_5,4.8,210,4.8,49,Sukabumi Kab,"Jl. Raya Cikidang No.KM 13 Rt 03/12, Pangkalan, Kec. Cikidang, Kabupaten Sukabumi, Jawa Barat 43367",REVIEW_OFF,ZONE_FALLBACK|REVIEW_CLAIM_210_AKTUAL_49
162,Wedding Planner Sukabumi,Event,Zona 1 (Baros/Jalur),UNDER_5,4.9,295,4.9,22,Sukabumi Kota,"Jl. Cicadas Raya, Cicadas Residen No. 01, Tegalaya, Cipanengah, Kec. Lembursitu, Kota Sukabumi, Jawa Barat 43168",REVIEW_OFF,ZONE_FALLBACK|REVIEW_CLAIM_295_AKTUAL_22
163,JAKA WEDDING ORGANIZER Sukabumi,Event,Zona 1 (Baros/Jalur),UNDER_5,4.9,315,4.9,35,Sukabumi Kab,"Jl. Nagrak-Gunung Guruh, Cibolang, Kec. Gn. Guruh, Kabupaten Sukabumi, Jawa Barat 43156",REVIEW_OFF,ZONE_FALLBACK|REVIEW_CLAIM_315_AKTUAL_35
164,Licht Studio Sukabumi,Event,Zona 1 (Baros/Jalur),UNDER_5,4.9,250,4.9,220,Sukabumi Kota,"Jl. Pelabuhan II No.272A, Dayeuhluhur, Kec. Warudoyong, Kota Sukabumi, Jawa Barat 43134",OK,ZONE_FALLBACK
165,Khei Wedding Organizer Sukabumi,Event,Zona 1 (Baros/Jalur),HIGH_LOW_REV,5,185,5,2,,,LOW_CONFIDENCE_MATCH,ZONE_FALLBACK|REVIEW_CLAIM_185_AKTUAL_2|GENERIC_QUERY_RESULT
166,Affay Project Sukabumi,Event,Zona 1 (Baros/Jalur),HIGH_LOW_REV,5,112,5,5,Sukabumi Kota,"Jl. Jayaniti No.7, Cikole, Kec. Cikole, Kota Sukabumi, Jawa Barat 43113",LOW_CONFIDENCE_MATCH,ZONE_FALLBACK|REVIEW_CLAIM_112_AKTUAL_5|GENERIC_QUERY_RESULT
167,Gosimplywedding Office 1 Sukabumi,Event,Zona 1 (Baros/Jalur),HIGH_LOW_REV,5,88,5,114,Sukabumi Kota,"Jl. Kenari No.20, Selabatu, Kec. Cikole, Kota Sukabumi, Jawa Barat 43114",OK,ZONE_FALLBACK
168,Reality Event Organizer Sukabumi,Event,Zona 1 (Baros/Jalur),HIGH_LOW_REV,5,45,5,2,Sukabumi Kota,"Perum Taman Asri, Blok D2 No.2, Subangjaya, Kec. Cikole, Kota Sukabumi, Jawa Barat 43116",REVIEW_OFF,ZONE_FALLBACK|REVIEW_CLAIM_45_AKTUAL_2
169,PRIMA WO Sukabumi,Event,Zona 1 (Baros/Jalur),HIGH_LOW_REV,5,67,5,4,Sukabumi Kab,"Jl. Taman, Sukamanis, Kec. Kadudampit, Kabupaten Sukabumi, Jawa Barat 43153",LOW_CONFIDENCE_MATCH,ZONE_FALLBACK|REVIEW_CLAIM_67_AKTUAL_4|GENERIC_QUERY_RESULT
170,Lensa Entertainment Sukabumi,Event,Zona 1 (Baros/Jalur),HIGH_LOW_REV,5,92,5,1,Sukabumi Kota,"JL SIliwangi Gang Haji Marzuki ll, No. 136 RT 05/06, Kebonjati, Kec. Cikole, Kota Sukabumi, Jawa Barat 43113",LOW_CONFIDENCE_MATCH,ZONE_FALLBACK|REVIEW_CLAIM_92_AKTUAL_1|GENERIC_QUERY_RESULT
171,Yunas Studio Sukabumi,Event,Zona 1 (Baros/Jalur),HIGH_LOW_REV,5,140,5,914,Sukabumi Kota,"Jl. Lkr. Sel., Jayamekar, Kec. Baros, Kota Sukabumi, Jawa Barat 43166",REVIEW_OFF,ZONE_FALLBACK|REVIEW_CLAIM_140_AKTUAL_914
172,Moophoto Photobooth Studio Baros Sukabumi,Event,Zona 1 (Baros/Jalur),HIGH_LOW_REV,5,175,5,10,Sukabumi Kota,"Jl. Jembatan Merah No.15, RT.4/RW.12, Limusnunggal, Kec. Cibeureum, Kota Sukabumi, Jawa Barat 43165",LOW_CONFIDENCE_MATCH,REVIEW_CLAIM_175_AKTUAL_10|GENERIC_QUERY_RESULT
173,Fauna photography Sukabumi,Event,Zona 1 (Baros/Jalur),HIGH_LOW_REV,5,110,5,10,Sukabumi Kota,"3WWV+6PQ, Jl. Mayor Mahmud, Cisarua, Kab. Sukabumi, Kota Sukabumi, Jawa Barat 43151",LOW_CONFIDENCE_MATCH,ZONE_FALLBACK|REVIEW_CLAIM_110_AKTUAL_10|GENERIC_QUERY_RESULT
174,Lawa Creative Studio Sukabumi,Event,Zona 1 (Baros/Jalur),HIGH_LOW_REV,5,85,5,14,Sukabumi Kota,"Jl. A. Yani No.30, Nyomplong, Kec. Warudoyong, Kota Sukabumi, Jawa Barat 43131",REVIEW_OFF,ZONE_FALLBACK|REVIEW_CLAIM_85_AKTUAL_14
175,Milkyverse Ramayana Sukabumi,Tourism,Zona 6 (Ekspedisi Wisata),UNDER_5,4,520,4,32,Sukabumi Kota,"3WFH+PMC, Jl. Tipar Gede, Tipar, Kec. Citamiang, Kota Sukabumi, Jawa Barat 43141",REVIEW_OFF,REVIEW_CLAIM_520_AKTUAL_32
176,Dinopark Sukabumi,Tourism,Zona 6 (Ekspedisi Wisata),UNDER_5,4.1,845,4.1,64,Sukabumi Kota,"3WHH+8CJ, Gunungparang, Kec. Cikole, Kota Sukabumi, Jawa Barat 43111",REVIEW_OFF,REVIEW_CLAIM_845_AKTUAL_64
177,SantaSea Water Theme Park Sukabumi,Tourism,Zona 6 (Ekspedisi Wisata),UNDER_5,4.2,4100,4.2,3804,Sukabumi Kota,"Jl. Sudajaya Hilir, Gedongpanjang, Kec. Citamiang, Kota Sukabumi, Jawa Barat 43144",OK,
178,Story Land Sukabumi,Tourism,Zona 1 (Baros/Jalur),UNDER_5,4.4,1250,4.4,27,Sukabumi Kota,"3WHM+FW9, Jl. R. E. Martadinata, Gunungparang, Kec. Cikole, Kota Sukabumi, Jawa Barat 43111",REVIEW_OFF,ZONE_FALLBACK|REVIEW_CLAIM_1250_AKTUAL_27
179,Sport Garden Sukabumi,Tourism,Zona 1 (Baros/Jalur),UNDER_5,4.4,980,4.4,1186,Sukabumi Kota,"Jl. Pelabuhan II No.123, Cipanengah, Kec. Lembursitu, Kota Sukabumi, Jawa Barat 43131",OK,ZONE_FALLBACK
180,Ryzzy Azzahra Waterpark Sukabumi,Tourism,Zona 5 (Timur/Utara),UNDER_5,4.4,3420,4.4,3104,Sukabumi Kab,"Jl. Selabintana No.5, Warnasari, Kab. Sukabumi, Kabupaten Sukabumi, Jawa Barat 43151",OK,
181,Kolam Renang Pilar Mas Sukabumi,Tourism,Zona 6 (Ekspedisi Wisata),UNDER_5,4.5,1150,4.5,369,Sukabumi Kota,"Baros, Kec. Baros, Kota Sukabumi, Jawa Barat 43161",REVIEW_OFF,REVIEW_CLAIM_1150_AKTUAL_369
182,CAMPING GROUND BATUTAPAK Sukabumi,Tourism,Zona 6 (Ekspedisi Wisata),UNDER_5,4.5,890,4.5,835,Lainnya/Tidak jelas,Pondok Omahku Cidahu,LOW_CONFIDENCE_MATCH,GENERIC_QUERY_RESULT
183,De' Tani Waterpark Sukabumi,Tourism,Zona 6 (Ekspedisi Wisata),UNDER_5,4.6,2100,4.6,429,Sukabumi Kab,"4X85+685, Sukamekar, Kec. Sukaraja, Kabupaten Sukabumi, Jawa Barat 43192",REVIEW_OFF,REVIEW_CLAIM_2100_AKTUAL_429
184,Happy House Playground&cafe Sukabumi,Tourism,Zona 1 (Baros/Jalur),UNDER_5,4.6,640,4.6,27,Sukabumi Kab,"Jl. Surya Kencana No.98, Selabatu, Kec. Cikole, Kabupaten Sukabumi, Jawa Barat 43114",REVIEW_OFF,ZONE_FALLBACK|REVIEW_CLAIM_640_AKTUAL_27
185,Kids story cibadak,Tourism,Zona 2 (Cisaat/Cibadak),UNDER_5,4.6,410,4.6,59,Sukabumi Kab,"Pasar terminal, Cibadak, Kec. Cibadak, Kabupaten Sukabumi, Jawa Barat 43351",REVIEW_OFF,REVIEW_CLAIM_410_AKTUAL_59
186,Cidahu Camping Ground,Tourism,Zona 6 (Ekspedisi Wisata),UNDER_5,4.6,1850,4.6,1806,Lainnya/Tidak jelas,Cidahu Camping Ground,LOW_CONFIDENCE_MATCH,GENERIC_QUERY_RESULT
187,CAMPING GROUND SITUGUNUNG,Tourism,Zona 6 (Ekspedisi Wisata),UNDER_5,4.6,1220,4.6,3206,Lainnya/Tidak jelas,Bumi perkemahan · Jl. Kadudampit,LOW_CONFIDENCE_MATCH,REVIEW_CLAIM_1220_AKTUAL_3206|GENERIC_QUERY_RESULT
188,Tanakita 5 Star Camp Sukabumi,Tourism,Zona 6 (Ekspedisi Wisata),UNDER_5,4.7,2340,4.7,1242,Sukabumi Kab,"Situgunung Jl. Kadudampit No.KM.10, Gede Pangrango, Kec. Kadudampit, Kabupaten Sukabumi, Jawa Barat 43153",OK,
189,Cidahu Camping Ground Lembah Damar,Tourism,Zona 6 (Ekspedisi Wisata),UNDER_5,4.7,950,4.7,556,Lainnya/Tidak jelas,Cidahu Camping Ground Lembah Damar,LOW_CONFIDENCE_MATCH,GENERIC_QUERY_RESULT